ID,Year,113 Cause Name,Cause Name,State,Deaths,Age-adjusted Death Rate
1,2016,"Accidents (unintentional injuries) (V01-X59,Y85-Y86)",Unintentional injuries,Alabama,2755,55.5
2,2016,"Accidents (unintentional injuries) (V01-X59,Y85-Y86)",Unintentional injuries,Alaska,439,63.1
3,2016,"Accidents (unintentional injuries) (V01-X59,Y85-Y86)",Unintentional injuries,Arizona,4010,54.2
4,2016,"Accidents (unintentional injuries) (V01-X59,Y85-Y86)",Unintentional injuries,Arkansas,1604,51.8
5,2016,"Accidents (unintentional injuries) (V01-X59,Y85-Y86)",Unintentional injuries,California,13213,32
6,2016,"Accidents (unintentional injuries) (V01-X59,Y85-Y86)",Unintentional injuries,Colorado,2880,51.2
7,2016,"Accidents (unintentional injuries) (V01-X59,Y85-Y86)",Unintentional injuries,Connecticut,1978,50.3
8,2016,"Accidents (unintentional injuries) (V01-X59,Y85-Y86)",Unintentional injuries,Delaware,516,52.4
9,2016,"Accidents (unintentional injuries) (V01-X59,Y85-Y86)",Unintentional injuries,District of Columbia,401,58.3
10,2016,"Accidents (unintentional injuries) (V01-X59,Y85-Y86)",Unintentional injuries,Florida,12561,54.9
11,2016,"Accidents (unintentional injuries) (V01-X59,Y85-Y86)",Unintentional injuries,Georgia,4701,45.8
12,2016,"Accidents (unintentional injuries) (V01-X59,Y85-Y86)",Unintentional injuries,Hawaii,577,35.3
13,2016,"Accidents (unintentional injuries) (V01-X59,Y85-Y86)",Unintentional injuries,Idaho,849,49.5
14,2016,"Accidents (unintentional injuries) (V01-X59,Y85-Y86)",Unintentional injuries,Illinois,5508,41
15,2016,"Accidents (unintentional injuries) (V01-X59,Y85-Y86)",Unintentional injuries,Indiana,3496,51.6
16,2016,"Accidents (unintentional injuries) (V01-X59,Y85-Y86)",Unintentional injuries,Iowa,1608,45.8
17,2016,"Accidents (unintentional injuries) (V01-X59,Y85-Y86)",Unintentional injuries,Kansas,1444,45.7
18,2016,"Accidents (unintentional injuries) (V01-X59,Y85-Y86)",Unintentional injuries,Kentucky,3194,71
19,2016,"Accidents (unintentional injuries) (V01-X59,Y85-Y86)",Unintentional injuries,Louisiana,2710,57.4
20,2016,"Accidents (unintentional injuries) (V01-X59,Y85-Y86)",Unintentional injuries,Maine,909,62.4
21,2016,"Accidents (unintentional injuries) (V01-X59,Y85-Y86)",Unintentional injuries,Maryland,2271,35.7
22,2016,"Accidents (unintentional injuries) (V01-X59,Y85-Y86)",Unintentional injuries,Massachusetts,3831,52.8
23,2016,"Accidents (unintentional injuries) (V01-X59,Y85-Y86)",Unintentional injuries,Michigan,5313,50.5
24,2016,"Accidents (unintentional injuries) (V01-X59,Y85-Y86)",Unintentional injuries,Minnesota,2697,43.8
25,2016,"Accidents (unintentional injuries) (V01-X59,Y85-Y86)",Unintentional injuries,Mississippi,1803,59.2
26,2016,"Accidents (unintentional injuries) (V01-X59,Y85-Y86)",Unintentional injuries,Missouri,3625,57
27,2016,"Accidents (unintentional injuries) (V01-X59,Y85-Y86)",Unintentional injuries,Montana,626,54.1
28,2016,"Accidents (unintentional injuries) (V01-X59,Y85-Y86)",Unintentional injuries,Nebraska,772,37
29,2016,"Accidents (unintentional injuries) (V01-X59,Y85-Y86)",Unintentional injuries,Nevada,1395,46
30,2016,"Accidents (unintentional injuries) (V01-X59,Y85-Y86)",Unintentional injuries,New Hampshire,924,66.6
31,2016,"Accidents (unintentional injuries) (V01-X59,Y85-Y86)",Unintentional injuries,New Jersey,3839,40.8
32,2016,"Accidents (unintentional injuries) (V01-X59,Y85-Y86)",Unintentional injuries,New Mexico,1487,69.5
33,2016,"Accidents (unintentional injuries) (V01-X59,Y85-Y86)",Unintentional injuries,New York,7354,34.2
34,2016,"Accidents (unintentional injuries) (V01-X59,Y85-Y86)",Unintentional injuries,North Carolina,5476,52.2
35,2016,"Accidents (unintentional injuries) (V01-X59,Y85-Y86)",Unintentional injuries,North Dakota,371,45.4
36,2016,"Accidents (unintentional injuries) (V01-X59,Y85-Y86)",Unintentional injuries,Ohio,7999,66.6
37,2006,All Causes,All causes,Alaska,3354,787.6
38,2016,"Accidents (unintentional injuries) (V01-X59,Y85-Y86)",Unintentional injuries,Oklahoma,2592,64.1
39,2016,"Accidents (unintentional injuries) (V01-X59,Y85-Y86)",Unintentional injuries,Oregon,2105,46
40,2016,"Accidents (unintentional injuries) (V01-X59,Y85-Y86)",Unintentional injuries,Pennsylvania,8410,61.8
41,2016,"Accidents (unintentional injuries) (V01-X59,Y85-Y86)",Unintentional injuries,Rhode Island,675,56.6
42,2016,"Accidents (unintentional injuries) (V01-X59,Y85-Y86)",Unintentional injuries,South Carolina,3012,58.9
43,2016,"Accidents (unintentional injuries) (V01-X59,Y85-Y86)",Unintentional injuries,South Dakota,505,53.4
44,2016,"Accidents (unintentional injuries) (V01-X59,Y85-Y86)",Unintentional injuries,Tennessee,4238,61.1
45,2016,"Accidents (unintentional injuries) (V01-X59,Y85-Y86)",Unintentional injuries,Texas,10536,38.6
46,2016,"Accidents (unintentional injuries) (V01-X59,Y85-Y86)",Unintentional injuries,Utah,1211,43.8
47,2016,"Accidents (unintentional injuries) (V01-X59,Y85-Y86)",Unintentional injuries,Vermont,372,54.8
48,2016,"Accidents (unintentional injuries) (V01-X59,Y85-Y86)",Unintentional injuries,Virginia,3710,42.4
49,2016,"Accidents (unintentional injuries) (V01-X59,Y85-Y86)",Unintentional injuries,Washington,3221,41.4
50,2016,"Accidents (unintentional injuries) (V01-X59,Y85-Y86)",Unintentional injuries,West Virginia,1705,89.7
51,2016,"Accidents (unintentional injuries) (V01-X59,Y85-Y86)",Unintentional injuries,Wisconsin,3575,55.6
52,2016,"Accidents (unintentional injuries) (V01-X59,Y85-Y86)",Unintentional injuries,Wyoming,371,61.9
53,2016,All Causes,All causes,Alabama,52466,920.4
54,2015,All Causes,All causes,Alabama,51909,924.5
55,2014,All Causes,All causes,Alabama,50215,909.1
56,2013,All Causes,All causes,Alabama,50189,925.2
57,2012,All Causes,All causes,Alabama,49301,926.7
58,2011,All Causes,All causes,Alabama,48681,933.6
59,2010,All Causes,All causes,Alabama,48038,939.7
60,2009,All Causes,All causes,Alabama,47470,940.2
61,2008,All Causes,All causes,Alabama,47707,959.7
62,2007,All Causes,All causes,Alabama,46696,957.2
63,2006,All Causes,All causes,Alabama,46977,979.5
64,2005,All Causes,All causes,Alabama,47090,1001.3
65,2004,All Causes,All causes,Alabama,46121,998.3
66,2003,All Causes,All causes,Alabama,46716,1020.2
67,2002,All Causes,All causes,Alabama,46069,1013.4
68,2001,All Causes,All causes,Alabama,45316,1002.1
69,2000,All Causes,All causes,Alabama,45062,1004.8
70,1999,All Causes,All causes,Alabama,44806,1009.3
71,2016,All Causes,All causes,Alaska,4494,745.6
72,2015,All Causes,All causes,Alaska,4316,747.4
73,2014,All Causes,All causes,Alaska,4128,736.8
74,2013,All Causes,All causes,Alaska,3997,724.4
75,2012,All Causes,All causes,Alaska,3912,731.4
76,2011,All Causes,All causes,Alaska,3849,747.8
77,2010,All Causes,All causes,Alaska,3728,771.5
78,2009,All Causes,All causes,Alaska,3618,763.8
79,2008,All Causes,All causes,Alaska,3494,761.3
80,2007,All Causes,All causes,Alaska,3463,780.6
81,2005,All Causes,All causes,Alaska,3168,762.3
82,2004,All Causes,All causes,Alaska,3051,756.7
83,2003,All Causes,All causes,Alaska,3180,843.5
84,2002,All Causes,All causes,Alaska,3030,802.4
85,2001,All Causes,All causes,Alaska,2974,831.3
86,2000,All Causes,All causes,Alaska,2914,869.1
87,1999,All Causes,All causes,Alaska,2708,838.9
88,2016,All Causes,All causes,Arizona,56645,675.8
89,2015,All Causes,All causes,Arizona,54299,671.8
90,2014,All Causes,All causes,Arizona,51538,661.7
91,2013,All Causes,All causes,Arizona,50534,674.2
92,2012,All Causes,All causes,Arizona,49549,682.9
93,2011,All Causes,All causes,Arizona,48381,688.9
94,2010,All Causes,All causes,Arizona,46762,693.1
95,2009,All Causes,All causes,Arizona,45816,693.8
96,2008,All Causes,All causes,Arizona,45823,714.5
97,2007,All Causes,All causes,Arizona,45554,731
98,2006,All Causes,All causes,Arizona,46365,767.1
99,2005,All Causes,All causes,Arizona,45827,786.7
100,2004,All Causes,All causes,Arizona,43198,771.1
101,2003,All Causes,All causes,Arizona,43392,798.4
102,2002,All Causes,All causes,Arizona,42816,811.2
103,2001,All Causes,All causes,Arizona,41058,795.9
104,2000,All Causes,All causes,Arizona,40500,810.4
105,1999,All Causes,All causes,Arizona,40050,818.4
106,2016,All Causes,All causes,Arkansas,31756,893.2
107,2015,All Causes,All causes,Arkansas,31617,901.8
108,2014,All Causes,All causes,Arkansas,30467,883.7
109,2013,All Causes,All causes,Arkansas,30437,893.8
110,2012,All Causes,All causes,Arkansas,30117,897.5
111,2011,All Causes,All causes,Arkansas,29653,895.3
112,2010,All Causes,All causes,Arkansas,28916,892.7
113,2009,All Causes,All causes,Arkansas,28673,896.4
114,2008,All Causes,All causes,Arkansas,29322,927.3
115,2007,All Causes,All causes,Arkansas,28191,906.2
116,2006,All Causes,All causes,Arkansas,27901,909.5
117,2005,All Causes,All causes,Arkansas,28055,931.5
118,2004,All Causes,All causes,Arkansas,27528,927.4
119,2003,All Causes,All causes,Arkansas,27918,948.2
120,2002,All Causes,All causes,Arkansas,28513,975.2
121,2001,All Causes,All causes,Arkansas,27759,955.4
122,2000,All Causes,All causes,Arkansas,28217,977.1
123,1999,All Causes,All causes,Arkansas,27925,975.3
124,2016,All Causes,All causes,California,262240,616.9
125,2015,All Causes,All causes,California,259206,621.6
126,2014,All Causes,All causes,California,245929,605.7
127,2013,All Causes,All causes,California,248359,630.1
128,2012,All Causes,All causes,California,242554,630.4
129,2011,All Causes,All causes,California,239942,641.3
130,2010,All Causes,All causes,California,234012,646.7
131,2009,All Causes,All causes,California,232736,655.5
132,2008,All Causes,All causes,California,234766,677.9
133,2007,All Causes,All causes,California,233720,691.7
134,2006,All Causes,All causes,California,237126,718.2
135,2005,All Causes,All causes,California,237037,730.7
136,2004,All Causes,All causes,California,232525,734.3
137,2003,All Causes,All causes,California,239371,768.4
138,2002,All Causes,All causes,California,234565,770
139,2001,All Causes,All causes,California,234044,783.2
140,2000,All Causes,All causes,California,229551,787.9
141,1999,All Causes,All causes,California,229380,802.3
142,2016,All Causes,All causes,Colorado,37530,669.5
143,2015,All Causes,All causes,Colorado,36349,665
144,2014,All Causes,All causes,Colorado,35237,664.4
145,2013,All Causes,All causes,Colorado,33712,655.4
146,2012,All Causes,All causes,Colorado,33133,665.6
147,2011,All Causes,All causes,Colorado,32563,677.8
148,2010,All Causes,All causes,Colorado,31465,682.7
149,2009,All Causes,All causes,Colorado,31173,689.7
150,2008,All Causes,All causes,Colorado,31274,715.8
151,2007,All Causes,All causes,Colorado,29993,708
152,2006,All Causes,All causes,Colorado,29521,720.9
153,2005,All Causes,All causes,Colorado,29627,752.1
154,2004,All Causes,All causes,Colorado,28309,738.5
155,2003,All Causes,All causes,Colorado,29506,792
156,2002,All Causes,All causes,Colorado,29210,804.4
157,2001,All Causes,All causes,Colorado,28294,796.1
158,2000,All Causes,All causes,Colorado,27288,792.1
159,1999,All Causes,All causes,Colorado,27114,801.8
160,2016,All Causes,All causes,Connecticut,30543,654
161,2015,All Causes,All causes,Connecticut,30535,656.1
162,2014,All Causes,All causes,Connecticut,29860,646.5
163,2013,All Causes,All causes,Connecticut,29632,646.3
164,2012,All Causes,All causes,Connecticut,29316,648.2
165,2011,All Causes,All causes,Connecticut,29526,660.6
166,2010,All Causes,All causes,Connecticut,28692,652.9
167,2009,All Causes,All causes,Connecticut,28585,659.3
168,2008,All Causes,All causes,Connecticut,28794,671.9
169,2007,All Causes,All causes,Connecticut,28651,680.5
170,2006,All Causes,All causes,Connecticut,29260,704.6
171,2005,All Causes,All causes,Connecticut,29467,717.7
172,2004,All Causes,All causes,Connecticut,29314,725.1
173,2003,All Causes,All causes,Connecticut,29627,739.7
174,2002,All Causes,All causes,Connecticut,30122,766.1
175,2001,All Causes,All causes,Connecticut,29827,772.1
176,2000,All Causes,All causes,Connecticut,30129,793
177,1999,All Causes,All causes,Connecticut,29446,783.2
178,2016,All Causes,All causes,Delaware,8874,746.2
179,2015,All Causes,All causes,Delaware,8582,741.5
180,2014,All Causes,All causes,Delaware,8260,734
181,2013,All Causes,All causes,Delaware,7967,726.8
182,2012,All Causes,All causes,Delaware,7875,745.4
183,2011,All Causes,All causes,Delaware,7845,764.2
184,2010,All Causes,All causes,Delaware,7706,769.9
185,2009,All Causes,All causes,Delaware,7534,768
186,2008,All Causes,All causes,Delaware,7622,793.5
187,2007,All Causes,All causes,Delaware,7327,786.1
188,2006,All Causes,All causes,Delaware,7204,795.7
189,2005,All Causes,All causes,Delaware,7472,851.4
190,2004,All Causes,All causes,Delaware,7143,838.2
191,2003,All Causes,All causes,Delaware,7070,852.9
192,2002,All Causes,All causes,Delaware,6861,849.3
193,2001,All Causes,All causes,Delaware,7112,903.1
194,2000,All Causes,All causes,Delaware,6875,897.1
195,1999,All Causes,All causes,Delaware,6666,881.6
196,2016,All Causes,All causes,District of Columbia,5037,766
197,2015,All Causes,All causes,District of Columbia,4871,748.6
198,2014,All Causes,All causes,District of Columbia,4723,743.8
199,2013,All Causes,All causes,District of Columbia,4719,752
200,2012,All Causes,All causes,District of Columbia,4650,757.2
201,2011,All Causes,All causes,District of Columbia,4589,755.9
202,2010,All Causes,All causes,District of Columbia,4672,792.4
203,2009,All Causes,All causes,District of Columbia,4834,833.3
204,2008,All Causes,All causes,District of Columbia,5140,897.6
205,2007,All Causes,All causes,District of Columbia,5188,911.2
206,2006,All Causes,All causes,District of Columbia,5344,951.7
207,2005,All Causes,All causes,District of Columbia,5483,970.6
208,2004,All Causes,All causes,District of Columbia,5454,972.1
209,2003,All Causes,All causes,District of Columbia,5573,993
210,2002,All Causes,All causes,District of Columbia,5851,1034.1
211,2001,All Causes,All causes,District of Columbia,5951,1049.9
212,2000,All Causes,All causes,District of Columbia,6001,1061.2
213,1999,All Causes,All causes,District of Columbia,6076,1087.3
214,2016,All Causes,All causes,Florida,197313,666.6
215,2015,All Causes,All causes,Florida,191737,662.9
216,2014,All Causes,All causes,Florida,185956,662
217,2013,All Causes,All causes,Florida,181112,663.4
218,2012,All Causes,All causes,Florida,177291,669.9
219,2011,All Causes,All causes,Florida,173976,677.1
220,2010,All Causes,All causes,Florida,173791,701.1
221,2009,All Causes,All causes,Florida,169924,700.1
222,2008,All Causes,All causes,Florida,170703,718.1
223,2007,All Causes,All causes,Florida,168096,723.3
224,2006,All Causes,All causes,Florida,170066,745.6
225,2005,All Causes,All causes,Florida,170791,761.9
226,2004,All Causes,All causes,Florida,169008,771.6
227,2003,All Causes,All causes,Florida,168657,786.7
228,2002,All Causes,All causes,Florida,167814,796.2
229,2001,All Causes,All causes,Florida,167269,806.1
230,2000,All Causes,All causes,Florida,164395,807.8
231,1999,All Causes,All causes,Florida,163224,812.8
232,2016,All Causes,All causes,Georgia,81428,800.4
233,2015,All Causes,All causes,Georgia,79942,808.1
234,2014,All Causes,All causes,Georgia,76887,801.9
235,2013,All Causes,All causes,Georgia,75088,806.2
236,2012,All Causes,All causes,Georgia,72847,808.6
237,2011,All Causes,All causes,Georgia,71248,815.7
238,2010,All Causes,All causes,Georgia,71263,845.4
239,2009,All Causes,All causes,Georgia,69712,842.3
240,2008,All Causes,All causes,Georgia,69640,864.1
241,2007,All Causes,All causes,Georgia,68331,872
242,2006,All Causes,All causes,Georgia,67808,890.2
243,2005,All Causes,All causes,Georgia,66736,910.5
244,2004,All Causes,All causes,Georgia,65818,926.4
245,2003,All Causes,All causes,Georgia,66478,956.8
246,2002,All Causes,All causes,Georgia,65449,961.6
247,2001,All Causes,All causes,Georgia,64485,966.4
248,2000,All Causes,All causes,Georgia,63870,981
249,1999,All Causes,All causes,Georgia,62028,964.9
250,2016,All Causes,All causes,Hawaii,10913,572
251,2015,All Causes,All causes,Hawaii,11053,588.2
252,2014,All Causes,All causes,Hawaii,10767,588.7
253,2013,All Causes,All causes,Hawaii,10505,590.8
254,2012,All Causes,All causes,Hawaii,10274,586.5
255,2011,All Causes,All causes,Hawaii,9923,584.9
256,2010,All Causes,All causes,Hawaii,9617,589.6
257,2009,All Causes,All causes,Hawaii,9914,621.9
258,2008,All Causes,All causes,Hawaii,9501,613.6
259,2007,All Causes,All causes,Hawaii,9495,631
260,2006,All Causes,All causes,Hawaii,9432,643.4
261,2005,All Causes,All causes,Hawaii,9136,638.3
262,2004,All Causes,All causes,Hawaii,9030,652.9
263,2003,All Causes,All causes,Hawaii,8978,667.1
264,2002,All Causes,All causes,Hawaii,8801,673.4
265,2001,All Causes,All causes,Hawaii,8394,660.4
266,2000,All Causes,All causes,Hawaii,8290,675.9
267,1999,All Causes,All causes,Hawaii,8270,688.8
268,2016,All Causes,All causes,Idaho,13366,725
269,2015,All Causes,All causes,Idaho,13026,727.8
270,2014,All Causes,All causes,Idaho,12613,723.8
271,2013,All Causes,All causes,Idaho,12434,730.6
272,2012,All Causes,All causes,Idaho,11998,726.6
273,2011,All Causes,All causes,Idaho,12027,745
274,2010,All Causes,All causes,Idaho,11429,731.6
275,2009,All Causes,All causes,Idaho,11098,725.1
276,2008,All Causes,All causes,Idaho,10962,736.8
277,2007,All Causes,All causes,Idaho,10822,747
278,2006,All Causes,All causes,Idaho,10613,756
279,2005,All Causes,All causes,Idaho,10556,781.2
280,2004,All Causes,All causes,Idaho,10028,766.2
281,2003,All Causes,All causes,Idaho,10380,812.8
282,2002,All Causes,All causes,Idaho,9923,798.8
283,2001,All Causes,All causes,Idaho,9753,803.5
284,2000,All Causes,All causes,Idaho,9563,809.4
285,1999,All Causes,All causes,Idaho,9579,825.2
286,2016,All Causes,All causes,Illinois,107020,724.3
287,2015,All Causes,All causes,Illinois,106872,728.3
288,2014,All Causes,All causes,Illinois,105293,726
289,2013,All Causes,All causes,Illinois,103401,724
290,2012,All Causes,All causes,Illinois,102433,728.7
291,2011,All Causes,All causes,Illinois,101906,737.4
292,2010,All Causes,All causes,Illinois,99931,736.9
293,2009,All Causes,All causes,Illinois,100056,746.9
294,2008,All Causes,All causes,Illinois,103471,782
295,2007,All Causes,All causes,Illinois,100503,770.3
296,2006,All Causes,All causes,Illinois,102171,794.4
297,2005,All Causes,All causes,Illinois,103974,817.5
298,2004,All Causes,All causes,Illinois,102670,816.8
299,2003,All Causes,All causes,Illinois,105325,846.6
300,2002,All Causes,All causes,Illinois,106667,866.7
301,2001,All Causes,All causes,Illinois,105430,863.5
302,2000,All Causes,All causes,Illinois,106634,883
303,1999,All Causes,All causes,Illinois,108436,905.1
304,2016,All Causes,All causes,Indiana,63473,835
305,2015,All Causes,All causes,Indiana,62713,833.9
306,2014,All Causes,All causes,Indiana,60940,822.3
307,2013,All Causes,All causes,Indiana,60716,832.2
308,2012,All Causes,All causes,Indiana,59332,827.5
309,2011,All Causes,All causes,Indiana,58202,825.1
310,2010,All Causes,All causes,Indiana,56743,820.6
311,2009,All Causes,All causes,Indiana,55973,820.6
312,2008,All Causes,All causes,Indiana,56752,843.8
313,2007,All Causes,All causes,Indiana,54000,817.1
314,2006,All Causes,All causes,Indiana,55622,856.8
315,2005,All Causes,All causes,Indiana,55675,874.3
316,2004,All Causes,All causes,Indiana,54211,864.1
317,2003,All Causes,All causes,Indiana,55968,902.2
318,2002,All Causes,All causes,Indiana,55396,906.1
319,2001,All Causes,All causes,Indiana,55198,912.7
320,2000,All Causes,All causes,Indiana,55469,929.6
321,1999,All Causes,All causes,Indiana,55303,934.7
322,2016,All Causes,All causes,Iowa,29538,721.1
323,2015,All Causes,All causes,Iowa,29600,724.6
324,2014,All Causes,All causes,Iowa,29190,722.9
325,2013,All Causes,All causes,Iowa,28948,723.7
326,2012,All Causes,All causes,Iowa,28389,718.3
327,2011,All Causes,All causes,Iowa,28184,722.7
328,2010,All Causes,All causes,Iowa,27745,721.7
329,2009,All Causes,All causes,Iowa,27544,723
330,2008,All Causes,All causes,Iowa,28541,752.6
331,2007,All Causes,All causes,Iowa,27221,724.2
332,2006,All Causes,All causes,Iowa,27362,736.1
333,2005,All Causes,All causes,Iowa,27811,757.5
334,2004,All Causes,All causes,Iowa,26897,738.3
335,2003,All Causes,All causes,Iowa,28062,776.2
336,2002,All Causes,All causes,Iowa,27978,779.9
337,2001,All Causes,All causes,Iowa,27791,780.1
338,2000,All Causes,All causes,Iowa,28060,794.7
339,1999,All Causes,All causes,Iowa,28411,806.4
340,2016,All Causes,All causes,Kansas,26245,756.8
341,2015,All Causes,All causes,Kansas,26664,774.1
342,2014,All Causes,All causes,Kansas,25793,759.3
343,2013,All Causes,All causes,Kansas,25414,757.7
344,2012,All Causes,All causes,Kansas,25145,761
345,2011,All Causes,All causes,Kansas,25116,767.2
346,2010,All Causes,All causes,Kansas,24502,762.2
347,2009,All Causes,All causes,Kansas,24024,757.8
348,2008,All Causes,All causes,Kansas,24975,794.3
349,2007,All Causes,All causes,Kansas,24491,787.8
350,2006,All Causes,All causes,Kansas,24553,802.2
351,2005,All Causes,All causes,Kansas,24682,816.8
352,2004,All Causes,All causes,Kansas,23818,798
353,2003,All Causes,All causes,Kansas,24593,829.5
354,2002,All Causes,All causes,Kansas,25021,851.3
355,2001,All Causes,All causes,Kansas,24647,844.4
356,2000,All Causes,All causes,Kansas,24717,850.5
357,1999,All Causes,All causes,Kansas,24472,848.1
358,2016,All Causes,All causes,Kentucky,47827,938.4
359,2015,All Causes,All causes,Kentucky,46564,924.7
360,2014,All Causes,All causes,Kentucky,44838,906.3
361,2013,All Causes,All causes,Kentucky,43759,899.9
362,2012,All Causes,All causes,Kentucky,43664,916.3
363,2011,All Causes,All causes,Kentucky,42626,910.3
364,2010,All Causes,All causes,Kentucky,41983,915
365,2009,All Causes,All causes,Kentucky,41380,912.5
366,2008,All Causes,All causes,Kentucky,41329,926.7
367,2007,All Causes,All causes,Kentucky,40090,915.3
368,2006,All Causes,All causes,Kentucky,40102,932.3
369,2005,All Causes,All causes,Kentucky,40223,954.7
370,2004,All Causes,All causes,Kentucky,38646,935.3
371,2003,All Causes,All causes,Kentucky,40241,986.4
372,2002,All Causes,All causes,Kentucky,40697,1009.7
373,2001,All Causes,All causes,Kentucky,39861,997.1
374,2000,All Causes,All causes,Kentucky,39504,998.6
375,1999,All Causes,All causes,Kentucky,39321,1004.1
376,2016,All Causes,All causes,Louisiana,44306,870.5
377,2015,All Causes,All causes,Louisiana,43716,874.2
378,2014,All Causes,All causes,Louisiana,43869,894.2
379,2013,All Causes,All causes,Louisiana,43270,897.7
380,2012,All Causes,All causes,Louisiana,42320,898.6
381,2011,All Causes,All causes,Louisiana,40890,886.6
382,2010,All Causes,All causes,Louisiana,40667,903.8
383,2009,All Causes,All causes,Louisiana,40282,907.8
384,2008,All Causes,All causes,Louisiana,41220,946
385,2007,All Causes,All causes,Louisiana,39966,937.5
386,2006,All Causes,All causes,Louisiana,40045,960.5
387,2005,All Causes,All causes,Louisiana,44355,1023.7
388,2004,All Causes,All causes,Louisiana,42215,989.4
389,2003,All Causes,All causes,Louisiana,42719,1013.7
390,2002,All Causes,All causes,Louisiana,41984,1008.5
391,2001,All Causes,All causes,Louisiana,41757,1013.1
392,2000,All Causes,All causes,Louisiana,41138,1006.3
393,1999,All Causes,All causes,Louisiana,41238,1021.6
394,2016,All Causes,All causes,Maine,14182,759
395,2015,All Causes,All causes,Maine,14479,783.5
396,2014,All Causes,All causes,Maine,13510,739
397,2013,All Causes,All causes,Maine,13547,754.2
398,2012,All Causes,All causes,Maine,12870,730.4
399,2011,All Causes,All causes,Maine,13001,752.8
400,2010,All Causes,All causes,Maine,12750,749.6
401,2009,All Causes,All causes,Maine,12594,752.6
402,2008,All Causes,All causes,Maine,12541,759.4
403,2007,All Causes,All causes,Maine,12493,771.6
404,2006,All Causes,All causes,Maine,12294,775.1
405,2005,All Causes,All causes,Maine,12868,828.2
406,2004,All Causes,All causes,Maine,12443,813
407,2003,All Causes,All causes,Maine,12540,829.8
408,2002,All Causes,All causes,Maine,12694,853.7
409,2001,All Causes,All causes,Maine,12421,848.7
410,2000,All Causes,All causes,Maine,12354,859.4
411,1999,All Causes,All causes,Maine,12261,865.9
412,2016,All Causes,All causes,Maryland,48824,717.6
413,2015,All Causes,All causes,Maryland,47247,705.7
414,2014,All Causes,All causes,Maryland,45867,699.5
415,2013,All Causes,All causes,Maryland,45689,710.4
416,2012,All Causes,All causes,Maryland,44477,709.1
417,2011,All Causes,All causes,Maryland,43745,715.8
418,2010,All Causes,All causes,Maryland,43325,728.6
419,2009,All Causes,All causes,Maryland,43843,750.2
420,2008,All Causes,All causes,Maryland,43892,769.6
421,2007,All Causes,All causes,Maryland,43757,784
422,2006,All Causes,All causes,Maryland,43582,795.9
423,2005,All Causes,All causes,Maryland,43892,818.1
424,2004,All Causes,All causes,Maryland,43232,823.7
425,2003,All Causes,All causes,Maryland,44499,864.5
426,2002,All Causes,All causes,Maryland,43970,872.3
427,2001,All Causes,All causes,Maryland,43839,888
428,2000,All Causes,All causes,Maryland,43753,908.9
429,1999,All Causes,All causes,Maryland,43089,907
430,2016,All Causes,All causes,Massachusetts,56961,669
431,2015,All Causes,All causes,Massachusetts,57806,684.8
432,2014,All Causes,All causes,Massachusetts,55200,663
433,2013,All Causes,All causes,Massachusetts,54567,663.5
434,2012,All Causes,All causes,Massachusetts,53177,657.9
435,2011,All Causes,All causes,Massachusetts,53710,676.3
436,2010,All Causes,All causes,Massachusetts,52583,675
437,2009,All Causes,All causes,Massachusetts,52308,681.4
438,2008,All Causes,All causes,Massachusetts,53518,706.1
439,2007,All Causes,All causes,Massachusetts,52917,709.8
440,2006,All Causes,All causes,Massachusetts,53450,726.8
441,2005,All Causes,All causes,Massachusetts,53874,741.6
442,2004,All Causes,All causes,Massachusetts,54511,758.3
443,2003,All Causes,All causes,Massachusetts,56291,788.7
444,2002,All Causes,All causes,Massachusetts,56928,806
445,2001,All Causes,All causes,Massachusetts,56754,811.4
446,2000,All Causes,All causes,Massachusetts,56681,817.9
447,1999,All Causes,All causes,Massachusetts,55840,814.1
448,2016,All Causes,All causes,Michigan,96231,785.4
449,2015,All Causes,All causes,Michigan,95140,784.4
450,2014,All Causes,All causes,Michigan,93914,783.7
451,2013,All Causes,All causes,Michigan,92408,782.3
452,2012,All Causes,All causes,Michigan,89901,774.2
453,2011,All Causes,All causes,Michigan,89508,784.2
454,2010,All Causes,All causes,Michigan,88021,786.2
455,2009,All Causes,All causes,Michigan,86455,783.1
456,2008,All Causes,All causes,Michigan,88445,812
457,2007,All Causes,All causes,Michigan,86721,808.1
458,2006,All Causes,All causes,Michigan,86042,816
459,2005,All Causes,All causes,Michigan,86867,838.6
460,2004,All Causes,All causes,Michigan,85169,834.1
461,2003,All Causes,All causes,Michigan,86728,860.5
462,2002,All Causes,All causes,Michigan,87795,885.7
463,2001,All Causes,All causes,Michigan,86424,884
464,2000,All Causes,All causes,Michigan,86953,904.2
465,1999,All Causes,All causes,Michigan,87232,916.4
466,2016,All Causes,All causes,Minnesota,43078,648.1
467,2015,All Causes,All causes,Minnesota,42800,653.8
468,2014,All Causes,All causes,Minnesota,41445,647
469,2013,All Causes,All causes,Minnesota,40987,651
470,2012,All Causes,All causes,Minnesota,40016,649.5
471,2011,All Causes,All causes,Minnesota,39820,659.2
472,2010,All Causes,All causes,Minnesota,38972,661.5
473,2009,All Causes,All causes,Minnesota,37851,652.1
474,2008,All Causes,All causes,Minnesota,38499,674
475,2007,All Causes,All causes,Minnesota,37138,663.1
476,2006,All Causes,All causes,Minnesota,37028,675.6
477,2005,All Causes,All causes,Minnesota,37535,698.6
478,2004,All Causes,All causes,Minnesota,37034,699.7
479,2003,All Causes,All causes,Minnesota,37620,720.9
480,2002,All Causes,All causes,Minnesota,38510,751.3
481,2001,All Causes,All causes,Minnesota,37735,748.2
482,2000,All Causes,All causes,Minnesota,37690,760.7
483,1999,All Causes,All causes,Minnesota,38537,784.5
484,2016,All Causes,All causes,Mississippi,31741,948.9
485,2015,All Causes,All causes,Mississippi,31783,963.7
486,2014,All Causes,All causes,Mississippi,30557,937.6
487,2013,All Causes,All causes,Mississippi,30703,959.6
488,2012,All Causes,All causes,Mississippi,29544,942.9
489,2011,All Causes,All causes,Mississippi,29278,956.1
490,2010,All Causes,All causes,Mississippi,28965,962
491,2009,All Causes,All causes,Mississippi,28275,950.5
492,2008,All Causes,All causes,Mississippi,28984,982.8
493,2007,All Causes,All causes,Mississippi,28255,973.3
494,2006,All Causes,All causes,Mississippi,28564,999.1
495,2005,All Causes,All causes,Mississippi,29196,1028.7
496,2004,All Causes,All causes,Mississippi,27871,996.6
497,2003,All Causes,All causes,Mississippi,28489,1031.6
498,2002,All Causes,All causes,Mississippi,28853,1051.6
499,2001,All Causes,All causes,Mississippi,28259,1034.3
500,2000,All Causes,All causes,Mississippi,28654,1051.9
501,1999,All Causes,All causes,Mississippi,28185,1043.4
502,2016,All Causes,All causes,Missouri,59873,808.2
503,2015,All Causes,All causes,Missouri,59871,816.9
504,2014,All Causes,All causes,Missouri,58320,807
505,2013,All Causes,All causes,Missouri,57444,807.7
506,2012,All Causes,All causes,Missouri,56094,803
507,2011,All Causes,All causes,Missouri,55848,812
508,2010,All Causes,All causes,Missouri,55281,819.5
509,2009,All Causes,All causes,Missouri,54263,815.3
510,2008,All Causes,All causes,Missouri,56578,861.3
511,2007,All Causes,All causes,Missouri,54166,837.7
512,2006,All Causes,All causes,Missouri,54681,859
513,2005,All Causes,All causes,Missouri,54656,873.3
514,2004,All Causes,All causes,Missouri,53950,872.7
515,2003,All Causes,All causes,Missouri,55582,907
516,2002,All Causes,All causes,Missouri,55940,922.3
517,2001,All Causes,All causes,Missouri,54982,913.4
518,2000,All Causes,All causes,Missouri,54865,920.8
519,1999,All Causes,All causes,Missouri,55931,945
520,2016,All Causes,All causes,Montana,9905,743.2
521,2015,All Causes,All causes,Montana,9942,762.7
522,2014,All Causes,All causes,Montana,9381,732.1
523,2013,All Causes,All causes,Montana,9511,761.3
524,2012,All Causes,All causes,Montana,8976,732.4
525,2011,All Causes,All causes,Montana,9115,760.6
526,2010,All Causes,All causes,Montana,8827,754.7
527,2009,All Causes,All causes,Montana,8730,758
528,2008,All Causes,All causes,Montana,8913,788.7
529,2007,All Causes,All causes,Montana,8624,775.4
530,2006,All Causes,All causes,Montana,8472,782.2
531,2005,All Causes,All causes,Montana,8528,807.1
532,2004,All Causes,All causes,Montana,8094,783
533,2003,All Causes,All causes,Montana,8467,837.6
534,2002,All Causes,All causes,Montana,8506,854.4
535,2001,All Causes,All causes,Montana,8265,844.1
536,2000,All Causes,All causes,Montana,8096,843.3
537,1999,All Causes,All causes,Montana,8128,857.6
538,2016,All Causes,All causes,Nebraska,16217,707
539,2015,All Causes,All causes,Nebraska,16740,739.2
540,2014,All Causes,All causes,Nebraska,15978,718.2
541,2013,All Causes,All causes,Nebraska,15754,714.7
542,2012,All Causes,All causes,Nebraska,15659,719
543,2011,All Causes,All causes,Nebraska,15476,719.8
544,2010,All Causes,All causes,Nebraska,15171,717.8
545,2009,All Causes,All causes,Nebraska,14810,710.9
546,2008,All Causes,All causes,Nebraska,15461,751.3
547,2007,All Causes,All causes,Nebraska,15263,750.4
548,2006,All Causes,All causes,Nebraska,14899,743.7
549,2005,All Causes,All causes,Nebraska,14963,757.8
550,2004,All Causes,All causes,Nebraska,14657,751.9
551,2003,All Causes,All causes,Nebraska,15465,798.2
552,2002,All Causes,All causes,Nebraska,15738,820.2
553,2001,All Causes,All causes,Nebraska,15174,796.6
554,2000,All Causes,All causes,Nebraska,14992,794.6
555,1999,All Causes,All causes,Nebraska,15579,830.1
556,2016,All Causes,All causes,Nevada,23902,762.6
557,2015,All Causes,All causes,Nevada,22879,757.2
558,2014,All Causes,All causes,Nevada,21793,749.2
559,2013,All Causes,All causes,Nevada,21468,769.8
560,2012,All Causes,All causes,Nevada,20785,774.6
561,2011,All Causes,All causes,Nevada,20343,789.7
562,2010,All Causes,All causes,Nevada,19623,795.4
563,2009,All Causes,All causes,Nevada,19224,794.6
564,2008,All Causes,All causes,Nevada,19335,828.7
565,2007,All Causes,All causes,Nevada,18687,822
566,2006,All Causes,All causes,Nevada,18872,864.7
567,2005,All Causes,All causes,Nevada,19029,904.8
568,2004,All Causes,All causes,Nevada,17929,887.6
569,2003,All Causes,All causes,Nevada,17858,927.3
570,2002,All Causes,All causes,Nevada,16927,922.3
571,2001,All Causes,All causes,Nevada,16285,923.5
572,2000,All Causes,All causes,Nevada,15261,918.7
573,1999,All Causes,All causes,Nevada,15082,935.9
574,2016,All Causes,All causes,New Hampshire,12203,721.5
575,2015,All Causes,All causes,New Hampshire,11984,720.6
576,2014,All Causes,All causes,New Hampshire,11516,706.2
577,2013,All Causes,All causes,New Hampshire,10897,679.1
578,2012,All Causes,All causes,New Hampshire,10730,687.5
579,2011,All Causes,All causes,New Hampshire,10823,710.4
580,2010,All Causes,All causes,New Hampshire,10201,690.4
581,2009,All Causes,All causes,New Hampshire,10100,691.6
582,2008,All Causes,All causes,New Hampshire,10268,715.3
583,2007,All Causes,All causes,New Hampshire,10303,733.2
584,2006,All Causes,All causes,New Hampshire,10060,733.7
585,2005,All Causes,All causes,New Hampshire,10194,766.7
586,2004,All Causes,All causes,New Hampshire,10111,778.9
587,2003,All Causes,All causes,New Hampshire,9708,767.3
588,2002,All Causes,All causes,New Hampshire,9853,796
589,2001,All Causes,All causes,New Hampshire,9815,809.3
590,2000,All Causes,All causes,New Hampshire,9697,815.5
591,1999,All Causes,All causes,New Hampshire,9537,815.5
592,2016,All Causes,All causes,New Jersey,73155,668.5
593,2015,All Causes,All causes,New Jersey,72271,666
594,2014,All Causes,All causes,New Jersey,71316,665.7
595,2013,All Causes,All causes,New Jersey,71403,676.4
596,2012,All Causes,All causes,New Jersey,70534,677.6
597,2011,All Causes,All causes,New Jersey,70558,690.6
598,2010,All Causes,All causes,New Jersey,69495,691.1
599,2009,All Causes,All causes,New Jersey,68277,689.3
600,2008,All Causes,All causes,New Jersey,70026,718.3
601,2007,All Causes,All causes,New Jersey,69662,726.9
602,2006,All Causes,All causes,New Jersey,70356,744.9
603,2005,All Causes,All causes,New Jersey,71963,772.4
604,2004,All Causes,All causes,New Jersey,71371,775.8
605,2003,All Causes,All causes,New Jersey,73689,807.8
606,2002,All Causes,All causes,New Jersey,74009,821.7
607,2001,All Causes,All causes,New Jersey,74710,840.3
608,2000,All Causes,All causes,New Jersey,74800,852.6
609,1999,All Causes,All causes,New Jersey,73981,853.7
610,2016,All Causes,All causes,New Mexico,18365,753.4
611,2015,All Causes,All causes,New Mexico,17685,741.5
612,2014,All Causes,All causes,New Mexico,17579,749.6
613,2013,All Causes,All causes,New Mexico,16805,731.8
614,2012,All Causes,All causes,New Mexico,16710,744.6
615,2011,All Causes,All causes,New Mexico,16452,748.9
616,2010,All Causes,All causes,New Mexico,15931,749
617,2009,All Causes,All causes,New Mexico,15643,749.8
618,2008,All Causes,All causes,New Mexico,16005,788.6
619,2007,All Causes,All causes,New Mexico,15482,778.6
620,2006,All Causes,All causes,New Mexico,15296,793.1
621,2005,All Causes,All causes,New Mexico,14983,800.1
622,2004,All Causes,All causes,New Mexico,14298,786.7
623,2003,All Causes,All causes,New Mexico,14805,832.1
624,2002,All Causes,All causes,New Mexico,14344,823.8
625,2001,All Causes,All causes,New Mexico,14129,829.5
626,2000,All Causes,All causes,New Mexico,13425,808.6
627,1999,All Causes,All causes,New Mexico,13676,842.2
628,2016,All Causes,All causes,New York,154358,640.7
629,2015,All Causes,All causes,New York,153628,644
630,2014,All Causes,All causes,New York,149944,636.5
631,2013,All Causes,All causes,New York,150919,649.3
632,2012,All Causes,All causes,New York,148991,652.1
633,2011,All Causes,All causes,New York,149174,665.4
634,2010,All Causes,All causes,New York,146432,665.5
635,2009,All Causes,All causes,New York,146475,674.6
636,2008,All Causes,All causes,New York,148698,693.7
637,2007,All Causes,All causes,New York,147680,698.9
638,2006,All Causes,All causes,New York,148806,713.7
639,2005,All Causes,All causes,New York,152427,738
640,2004,All Causes,All causes,New York,152681,748.4
641,2003,All Causes,All causes,New York,155877,771.1
642,2002,All Causes,All causes,New York,158118,791.4
643,2001,All Causes,All causes,New York,159240,806.6
644,2000,All Causes,All causes,New York,158203,813.6
645,1999,All Causes,All causes,New York,159927,833.4
646,2016,All Causes,All causes,North Carolina,90465,782.4
647,2015,All Causes,All causes,North Carolina,89133,789.9
648,2014,All Causes,All causes,North Carolina,85367,775.9
649,2013,All Causes,All causes,North Carolina,83329,777.6
650,2012,All Causes,All causes,North Carolina,81925,786.4
651,2011,All Causes,All causes,North Carolina,79882,790.9
652,2010,All Causes,All causes,North Carolina,78773,804.9
653,2009,All Causes,All causes,North Carolina,77117,804.3
654,2008,All Causes,All causes,North Carolina,77283,828.1
655,2007,All Causes,All causes,North Carolina,76046,838.5
656,2006,All Causes,All causes,North Carolina,74716,849.3
657,2005,All Causes,All causes,North Carolina,74638,881.3
658,2004,All Causes,All causes,North Carolina,72384,876.1
659,2003,All Causes,All causes,North Carolina,73459,909
660,2002,All Causes,All causes,North Carolina,72027,912.6
661,2001,All Causes,All causes,North Carolina,70934,917.1
662,2000,All Causes,All causes,North Carolina,71935,952.7
663,1999,All Causes,All causes,North Carolina,69600,933
664,2016,All Causes,All causes,North Dakota,6242,688.4
665,2015,All Causes,All causes,North Dakota,6223,696.8
666,2014,All Causes,All causes,North Dakota,6184,692.7
667,2013,All Causes,All causes,North Dakota,6233,709.7
668,2012,All Causes,All causes,North Dakota,6038,701.2
669,2011,All Causes,All causes,North Dakota,5965,697.4
670,2010,All Causes,All causes,North Dakota,5944,704.3
671,2009,All Causes,All causes,North Dakota,5914,712.7
672,2008,All Causes,All causes,North Dakota,5871,713.3
673,2007,All Causes,All causes,North Dakota,5561,680.4
674,2006,All Causes,All causes,North Dakota,5868,724.4
675,2005,All Causes,All causes,North Dakota,5744,716.3
676,2004,All Causes,All causes,North Dakota,5601,702.2
677,2003,All Causes,All causes,North Dakota,6090,776.1
678,2002,All Causes,All causes,North Dakota,5892,755.5
679,2001,All Causes,All causes,North Dakota,6048,780.2
680,2000,All Causes,All causes,North Dakota,5856,761.8
681,1999,All Causes,All causes,North Dakota,6103,796.8
682,2016,All Causes,All causes,Ohio,119572,832.3
683,2015,All Causes,All causes,Ohio,118188,828.4
684,2014,All Causes,All causes,Ohio,114509,810
685,2013,All Causes,All causes,Ohio,113258,811.2
686,2012,All Causes,All causes,Ohio,112498,817.9
687,2011,All Causes,All causes,Ohio,111427,821.8
688,2010,All Causes,All causes,Ohio,108711,815.7
689,2009,All Causes,All causes,Ohio,107156,814.5
690,2008,All Causes,All causes,Ohio,109767,844.3
691,2007,All Causes,All causes,Ohio,106534,831.1
692,2006,All Causes,All causes,Ohio,106825,846.6
693,2005,All Causes,All causes,Ohio,109031,879.1
694,2004,All Causes,All causes,Ohio,106288,867.1
695,2003,All Causes,All causes,Ohio,109110,898.5
696,2002,All Causes,All causes,Ohio,109766,916.7
697,2001,All Causes,All causes,Ohio,108027,912.4
698,2000,All Causes,All causes,Ohio,108125,923.5
699,1999,All Causes,All causes,Ohio,108517,934
700,2016,All Causes,All causes,Oklahoma,39276,888.4
701,2015,All Causes,All causes,Oklahoma,39422,904.3
702,2014,All Causes,All causes,Oklahoma,38464,897.5
703,2013,All Causes,All causes,Oklahoma,38384,910.7
704,2012,All Causes,All causes,Oklahoma,36870,891.5
705,2011,All Causes,All causes,Oklahoma,37175,910.9
706,2010,All Causes,All causes,Oklahoma,36529,915.5
707,2009,All Causes,All causes,Oklahoma,35601,903.8
708,2008,All Causes,All causes,Oklahoma,37014,956.5
709,2007,All Causes,All causes,Oklahoma,36032,945.1
710,2006,All Causes,All causes,Oklahoma,35427,942.5
711,2005,All Causes,All causes,Oklahoma,36180,981.4
712,2004,All Causes,All causes,Oklahoma,34483,945.6
713,2003,All Causes,All causes,Oklahoma,35721,986.5
714,2002,All Causes,All causes,Oklahoma,35502,986.4
715,2001,All Causes,All causes,Oklahoma,34682,968.5
716,2000,All Causes,All causes,Oklahoma,35079,983
717,1999,All Causes,All causes,Oklahoma,34700,979
718,2016,All Causes,All causes,Oregon,35778,705.9
719,2015,All Causes,All causes,Oregon,35705,722.3
720,2014,All Causes,All causes,Oregon,34151,706.7
721,2013,All Causes,All causes,Oregon,33939,717.5
722,2012,All Causes,All causes,Oregon,32759,706.6
723,2011,All Causes,All causes,Oregon,32788,724.1
724,2010,All Causes,All causes,Oregon,31890,723.1
725,2009,All Causes,All causes,Oregon,31636,728.4
726,2008,All Causes,All causes,Oregon,31967,753.2
727,2007,All Causes,All causes,Oregon,31403,756
728,2006,All Causes,All causes,Oregon,31380,773.3
729,2005,All Causes,All causes,Oregon,31091,787.6
730,2004,All Causes,All causes,Oregon,30313,786.4
731,2003,All Causes,All causes,Oregon,30912,816.9
732,2002,All Causes,All causes,Oregon,31119,839.6
733,2001,All Causes,All causes,Oregon,30158,830.5
734,2000,All Causes,All causes,Oregon,29552,830.9
735,1999,All Causes,All causes,Oregon,29422,837.6
736,2016,All Causes,All causes,Pennsylvania,133040,770.1
737,2015,All Causes,All causes,Pennsylvania,132598,768.3
738,2014,All Causes,All causes,Pennsylvania,128434,750.2
739,2013,All Causes,All causes,Pennsylvania,129123,761.3
740,2012,All Causes,All causes,Pennsylvania,126981,759.2
741,2011,All Causes,All causes,Pennsylvania,128237,776
742,2010,All Causes,All causes,Pennsylvania,124596,765.9
743,2009,All Causes,All causes,Pennsylvania,124780,775.3
744,2008,All Causes,All causes,Pennsylvania,127462,799.1
745,2007,All Causes,All causes,Pennsylvania,125104,793.2
746,2006,All Causes,All causes,Pennsylvania,125539,808.4
747,2005,All Causes,All causes,Pennsylvania,129532,844.4
748,2004,All Causes,All causes,Pennsylvania,127640,841.3
749,2003,All Causes,All causes,Pennsylvania,129769,860.8
750,2002,All Causes,All causes,Pennsylvania,130223,874.1
751,2001,All Causes,All causes,Pennsylvania,129729,878.5
752,2000,All Causes,All causes,Pennsylvania,130813,891.9
753,1999,All Causes,All causes,Pennsylvania,130283,896.4
754,2016,All Causes,All causes,Rhode Island,9735,690.1
755,2015,All Causes,All causes,Rhode Island,10163,721.9
756,2014,All Causes,All causes,Rhode Island,9770,700.9
757,2013,All Causes,All causes,Rhode Island,9792,709.6
758,2012,All Causes,All causes,Rhode Island,9354,686.5
759,2011,All Causes,All causes,Rhode Island,9581,707.3
760,2010,All Causes,All causes,Rhode Island,9579,721.7
761,2009,All Causes,All causes,Rhode Island,9395,711
762,2008,All Causes,All causes,Rhode Island,9738,742.9
763,2007,All Causes,All causes,Rhode Island,9723,747.2
764,2006,All Causes,All causes,Rhode Island,9690,749.1
765,2005,All Causes,All causes,Rhode Island,10007,781.2
766,2004,All Causes,All causes,Rhode Island,9769,766
767,2003,All Causes,All causes,Rhode Island,10039,798.7
768,2002,All Causes,All causes,Rhode Island,10246,823
769,2001,All Causes,All causes,Rhode Island,10021,816.9
770,2000,All Causes,All causes,Rhode Island,10027,823.7
771,1999,All Causes,All causes,Rhode Island,9708,807.5
772,2016,All Causes,All causes,South Carolina,48130,829.8
773,2015,All Causes,All causes,South Carolina,47198,840
774,2014,All Causes,All causes,South Carolina,45454,829.1
775,2013,All Causes,All causes,South Carolina,44582,837.8
776,2012,All Causes,All causes,South Carolina,43198,835.2
777,2011,All Causes,All causes,South Carolina,42072,839.5
778,2010,All Causes,All causes,South Carolina,41614,854.8
779,2009,All Causes,All causes,South Carolina,40449,846.9
780,2008,All Causes,All causes,South Carolina,40289,867
781,2007,All Causes,All causes,South Carolina,39439,873.9
782,2006,All Causes,All causes,South Carolina,38761,886.8
783,2005,All Causes,All causes,South Carolina,38707,920.9
784,2004,All Causes,All causes,South Carolina,37276,909.5
785,2003,All Causes,All causes,South Carolina,38112,952.7
786,2002,All Causes,All causes,South Carolina,37736,964.3
787,2001,All Causes,All causes,South Carolina,36612,949.6
788,2000,All Causes,All causes,South Carolina,36948,980.2
789,1999,All Causes,All causes,South Carolina,36053,973.5
790,2016,All Causes,All causes,South Dakota,7845,719.5
791,2015,All Causes,All causes,South Dakota,7731,715.4
792,2014,All Causes,All causes,South Dakota,7507,710.4
793,2013,All Causes,All causes,South Dakota,7099,679.3
794,2012,All Causes,All causes,South Dakota,7333,712.3
795,2011,All Causes,All causes,South Dakota,7314,720.6
796,2010,All Causes,All causes,South Dakota,7100,715.1
797,2009,All Causes,All causes,South Dakota,6923,706.2
798,2008,All Causes,All causes,South Dakota,7083,731.9
799,2007,All Causes,All causes,South Dakota,6826,712.9
800,2006,All Causes,All causes,South Dakota,7084,752.5
801,2005,All Causes,All causes,South Dakota,7086,770.7
802,2004,All Causes,All causes,South Dakota,6833,752.4
803,2003,All Causes,All causes,South Dakota,7132,796.6
804,2002,All Causes,All causes,South Dakota,6898,778.6
805,2001,All Causes,All causes,South Dakota,6923,790
806,2000,All Causes,All causes,South Dakota,7021,805.7
807,1999,All Causes,All causes,South Dakota,6953,808.4
808,2016,All Causes,All causes,Tennessee,67857,886.3
809,2015,All Causes,All causes,Tennessee,66570,886.4
810,2014,All Causes,All causes,Tennessee,64661,880
811,2013,All Causes,All causes,Tennessee,63406,881.1
812,2012,All Causes,All causes,Tennessee,61956,880.6
813,2011,All Causes,All causes,Tennessee,60541,879
814,2010,All Causes,All causes,Tennessee,59578,890.8
815,2009,All Causes,All causes,Tennessee,58288,885.6
816,2008,All Causes,All causes,Tennessee,58820,913.4
817,2007,All Causes,All causes,Tennessee,57087,905.4
818,2006,All Causes,All causes,Tennessee,56838,921.2
819,2005,All Causes,All causes,Tennessee,57260,956.6
820,2004,All Causes,All causes,Tennessee,55829,952.8
821,2003,All Causes,All causes,Tennessee,57313,994
822,2002,All Causes,All causes,Tennessee,56606,995.3
823,2001,All Causes,All causes,Tennessee,55151,979.5
824,2000,All Causes,All causes,Tennessee,55246,996.9
825,1999,All Causes,All causes,Tennessee,53765,980.4
826,2016,All Causes,All causes,Texas,191966,730.6
827,2015,All Causes,All causes,Texas,189654,745
828,2014,All Causes,All causes,Texas,183912,745.3
829,2013,All Causes,All causes,Texas,179183,751.6
830,2012,All Causes,All causes,Texas,174187,753.3
831,2011,All Causes,All causes,Texas,168640,751.6
832,2010,All Causes,All causes,Texas,166527,772.3
833,2009,All Causes,All causes,Texas,163249,772.1
834,2008,All Causes,All causes,Texas,164914,803.6
835,2007,All Causes,All causes,Texas,160548,803.1
836,2006,All Causes,All causes,Texas,157150,807.7
837,2005,All Causes,All causes,Texas,156457,832.1
838,2004,All Causes,All causes,Texas,152870,835.9
839,2003,All Causes,All causes,Texas,154870,865.1
840,2002,All Causes,All causes,Texas,155524,888.4
841,2001,All Causes,All causes,Texas,152779,888.9
842,2000,All Causes,All causes,Texas,149939,891
843,1999,All Causes,All causes,Texas,146858,886.6
844,2016,All Causes,All causes,United States,2319475,616
845,2015,All Causes,All causes,United States,2712630,733.1
846,2014,All Causes,All causes,United States,2626418,724.6
847,2013,All Causes,All causes,United States,2596993,731.9
848,2012,All Causes,All causes,United States,2543279,732.8
849,2011,All Causes,All causes,United States,2515458,741.3
850,2010,All Causes,All causes,United States,2468435,747
851,2009,All Causes,All causes,United States,2437163,749.6
852,2008,All Causes,All causes,United States,2471984,774.9
853,2007,All Causes,All causes,United States,2423712,775.3
854,2006,All Causes,All causes,United States,2426264,791.8
855,2005,All Causes,All causes,United States,2448017,815
856,2004,All Causes,All causes,United States,2397615,813.7
857,2003,All Causes,All causes,United States,2448288,843.5
858,2002,All Causes,All causes,United States,2443387,855.9
859,2001,All Causes,All causes,United States,2416425,858.8
860,2000,All Causes,All causes,United States,2403351,869
861,1999,All Causes,All causes,United States,2391399,875.6
862,2016,All Causes,All causes,Utah,17913,714.7
863,2015,All Causes,All causes,Utah,17334,712.1
864,2014,All Causes,All causes,Utah,16719,709.6
865,2013,All Causes,All causes,Utah,16366,710.4
866,2012,All Causes,All causes,Utah,15676,700
867,2011,All Causes,All causes,Utah,15266,699.1
868,2010,All Causes,All causes,Utah,14776,703.2
869,2009,All Causes,All causes,Utah,14138,686.5
870,2008,All Causes,All causes,Utah,14040,703.8
871,2007,All Causes,All causes,Utah,14143,729.4
872,2006,All Causes,All causes,Utah,13764,733.7
873,2005,All Causes,All causes,Utah,13432,749.4
874,2004,All Causes,All causes,Utah,13331,768.8
875,2003,All Causes,All causes,Utah,13412,793.6
876,2002,All Causes,All causes,Utah,13116,794
877,2001,All Causes,All causes,Utah,12662,785.2
878,2000,All Causes,All causes,Utah,12364,788.6
879,1999,All Causes,All causes,Utah,12058,781.6
880,2016,All Causes,All causes,Vermont,5909,712.8
881,2015,All Causes,All causes,Vermont,5919,714.7
882,2014,All Causes,All causes,Vermont,5623,694.8
883,2013,All Causes,All causes,Vermont,5639,710.6
884,2012,All Causes,All causes,Vermont,5491,700.1
885,2011,All Causes,All causes,Vermont,5433,711
886,2010,All Causes,All causes,Vermont,5380,718.7
887,2009,All Causes,All causes,Vermont,5034,683.2
888,2008,All Causes,All causes,Vermont,5211,722.5
889,2007,All Causes,All causes,Vermont,5179,733
890,2006,All Causes,All causes,Vermont,5048,728
891,2005,All Causes,All causes,Vermont,5066,751.6
892,2004,All Causes,All causes,Vermont,4995,749.4
893,2003,All Causes,All causes,Vermont,5120,779.7
894,2002,All Causes,All causes,Vermont,5075,786.8
895,2001,All Causes,All causes,Vermont,5201,819.6
896,2000,All Causes,All causes,Vermont,5127,821.8
897,1999,All Causes,All causes,Vermont,4993,812.9
898,2016,All Causes,All causes,Virginia,66473,715.5
899,2015,All Causes,All causes,Virginia,65577,721.6
900,2014,All Causes,All causes,Virginia,63598,717.5
901,2013,All Causes,All causes,Virginia,62716,724.8
902,2012,All Causes,All causes,Virginia,61564,730.2
903,2011,All Causes,All causes,Virginia,60804,741.6
904,2010,All Causes,All causes,Virginia,59032,741.6
905,2009,All Causes,All causes,Virginia,58653,750.8
906,2008,All Causes,All causes,Virginia,59100,776.7
907,2007,All Causes,All causes,Virginia,58225,784
908,2006,All Causes,All causes,Virginia,57690,795
909,2005,All Causes,All causes,Virginia,57855,817.4
910,2004,All Causes,All causes,Virginia,56550,820.5
911,2003,All Causes,All causes,Virginia,58282,863.3
912,2002,All Causes,All causes,Virginia,57196,865.9
913,2001,All Causes,All causes,Virginia,56280,869.9
914,2000,All Causes,All causes,Virginia,56282,890.4
915,1999,All Causes,All causes,Virginia,55320,889.6
916,2016,All Causes,All causes,Washington,54769,672
917,2015,All Causes,All causes,Washington,54595,687.4
918,2014,All Causes,All causes,Washington,52099,672.9
919,2013,All Causes,All causes,Washington,51264,679.3
920,2012,All Causes,All causes,Washington,50105,681.5
921,2011,All Causes,All causes,Washington,49691,690.4
922,2010,All Causes,All causes,Washington,48146,692.3
923,2009,All Causes,All causes,Washington,48270,708.4
924,2008,All Causes,All causes,Washington,48627,734.3
925,2007,All Causes,All causes,Washington,47323,731.9
926,2006,All Causes,All causes,Washington,46120,731.2
927,2005,All Causes,All causes,Washington,46203,757.6
928,2004,All Causes,All causes,Washington,44770,751.9
929,2003,All Causes,All causes,Washington,45920,789.2
930,2002,All Causes,All causes,Washington,45338,795
931,2001,All Causes,All causes,Washington,44642,799.4
932,2000,All Causes,All causes,Washington,43941,804.6
933,1999,All Causes,All causes,Washington,43865,815.1
934,2016,All Causes,All causes,West Virginia,22732,943.3
935,2015,All Causes,All causes,West Virginia,22752,943.4
936,2014,All Causes,All causes,West Virginia,22186,929.1
937,2013,All Causes,All causes,West Virginia,21843,923.8
938,2012,All Causes,All causes,West Virginia,21915,939.3
939,2011,All Causes,All causes,West Virginia,21867,953.2
940,2010,All Causes,All causes,West Virginia,21275,933.6
941,2009,All Causes,All causes,West Virginia,21386,947.7
942,2008,All Causes,All causes,West Virginia,21557,964.3
943,2007,All Causes,All causes,West Virginia,21086,954.2
944,2006,All Causes,All causes,West Virginia,20672,947.5
945,2005,All Causes,All causes,West Virginia,20780,965.1
946,2004,All Causes,All causes,West Virginia,20793,973
947,2003,All Causes,All causes,West Virginia,21306,1003.1
948,2002,All Causes,All causes,West Virginia,21016,999
949,2001,All Causes,All causes,West Virginia,20967,1000.9
950,2000,All Causes,All causes,West Virginia,21114,1011.1
951,1999,All Causes,All causes,West Virginia,21049,1012.3
952,2016,All Causes,All causes,Wisconsin,51815,717.9
953,2015,All Causes,All causes,Wisconsin,51264,715.9
954,2014,All Causes,All causes,Wisconsin,50291,712.1
955,2013,All Causes,All causes,Wisconsin,50026,720.1
956,2012,All Causes,All causes,Wisconsin,48384,707.8
957,2011,All Causes,All causes,Wisconsin,48410,721.1
958,2010,All Causes,All causes,Wisconsin,47308,719
959,2009,All Causes,All causes,Wisconsin,45697,703
960,2008,All Causes,All causes,Wisconsin,46815,730.3
961,2007,All Causes,All causes,Wisconsin,46241,734.2
962,2006,All Causes,All causes,Wisconsin,46153,745.3
963,2005,All Causes,All causes,Wisconsin,46709,765.9
964,2004,All Causes,All causes,Wisconsin,45600,760
965,2003,All Causes,All causes,Wisconsin,46177,780.1
966,2002,All Causes,All causes,Wisconsin,46981,806.1
967,2001,All Causes,All causes,Wisconsin,46628,812.5
968,2000,All Causes,All causes,Wisconsin,46461,820.1
969,1999,All Causes,All causes,Wisconsin,46672,831.5
970,2016,All Causes,All causes,Wyoming,4722,720.9
971,2015,All Causes,All causes,Wyoming,4778,748.3
972,2014,All Causes,All causes,Wyoming,4666,742.4
973,2013,All Causes,All causes,Wyoming,4516,731.7
974,2012,All Causes,All causes,Wyoming,4481,748.3
975,2011,All Causes,All causes,Wyoming,4387,754.6
976,2010,All Causes,All causes,Wyoming,4438,778.8
977,2009,All Causes,All causes,Wyoming,4283,769.6
978,2008,All Causes,All causes,Wyoming,4227,778.9
979,2007,All Causes,All causes,Wyoming,4266,806.5
980,2006,All Causes,All causes,Wyoming,4311,831.1
981,2005,All Causes,All causes,Wyoming,4099,806.5
982,2004,All Causes,All causes,Wyoming,3955,794.8
983,2003,All Causes,All causes,Wyoming,4172,857.7
984,2002,All Causes,All causes,Wyoming,4174,878.2
985,2001,All Causes,All causes,Wyoming,4029,858.8
986,2000,All Causes,All causes,Wyoming,3920,851.8
987,1999,All Causes,All causes,Wyoming,4042,895.4
988,2016,Alzheimer's disease (G30),Alzheimer's disease,Alabama,2507,45
989,2015,Alzheimer's disease (G30),Alzheimer's disease,Alabama,2282,41.8
990,2014,Alzheimer's disease (G30),Alzheimer's disease,Alabama,1885,35.3
991,2013,Alzheimer's disease (G30),Alzheimer's disease,Alabama,1398,26.7
992,2012,Alzheimer's disease (G30),Alzheimer's disease,Alabama,1390,27.2
993,2011,Alzheimer's disease (G30),Alzheimer's disease,Alabama,1486,29.7
994,2010,Alzheimer's disease (G30),Alzheimer's disease,Alabama,1523,31.2
995,2009,Alzheimer's disease (G30),Alzheimer's disease,Alabama,1521,31.6
996,2008,Alzheimer's disease (G30),Alzheimer's disease,Alabama,1518,32.1
997,2007,Alzheimer's disease (G30),Alzheimer's disease,Alabama,1517,32.6
998,2006,Alzheimer's disease (G30),Alzheimer's disease,Alabama,1497,32.7
999,2005,Alzheimer's disease (G30),Alzheimer's disease,Alabama,1501,33.4
1000,2004,Alzheimer's disease (G30),Alzheimer's disease,Alabama,1385,31.4
1001,2003,Alzheimer's disease (G30),Alzheimer's disease,Alabama,1268,28.8
1002,2002,Alzheimer's disease (G30),Alzheimer's disease,Alabama,1189,27
1003,2001,Alzheimer's disease (G30),Alzheimer's disease,Alabama,1103,25.1
1004,2000,Alzheimer's disease (G30),Alzheimer's disease,Alabama,895,20.4
1005,1999,Alzheimer's disease (G30),Alzheimer's disease,Alabama,772,17.8
1006,2016,Alzheimer's disease (G30),Alzheimer's disease,Alaska,111,25.8
1007,2015,Alzheimer's disease (G30),Alzheimer's disease,Alaska,68,16.7
1008,2014,Alzheimer's disease (G30),Alzheimer's disease,Alaska,68,17.2
1009,2013,Alzheimer's disease (G30),Alzheimer's disease,Alaska,72,18.9
1010,2012,Alzheimer's disease (G30),Alzheimer's disease,Alaska,102,27.2
1011,2011,Alzheimer's disease (G30),Alzheimer's disease,Alaska,72,20.5
1012,2010,Alzheimer's disease (G30),Alzheimer's disease,Alaska,85,25.9
1013,2009,Alzheimer's disease (G30),Alzheimer's disease,Alaska,67,21.5
1014,2008,Alzheimer's disease (G30),Alzheimer's disease,Alaska,80,27
1015,2007,Alzheimer's disease (G30),Alzheimer's disease,Alaska,65,22.4
